date,StartPoint,Gyeonggi,Chungcheong,Jeolla,Gyeongsang,Gangwon
20140101,Chungcheong,83318,104617,4147,4126,6021
20140101,Gangwon,57398,5783,427,991,102850
20140101,Gyeonggi,373199,82263,3114,5841,51386
20140101,Gyeongsang,6926,5368,15514,334217,986
20140101,Jeolla,3298,4759,130474,14832,478
20140102,Chungcheong,78558,129931,3787,4480,5270
20140102,Gangwon,45843,5452,487,1106,69427
20140102,Gyeonggi,517935,89221,3046,6662,43191
20140102,Gyeongsang,6574,4374,11904,375157,1061
20140102,Jeolla,3245,4046,108721,12056,435
20140103,Chungcheong,92550,140382,5041,5902,6449
20140103,Gangwon,45924,5381,523,1245,75268
20140103,Gyeonggi,555038,91017,3719,8137,52386
20140103,Gyeongsang,8403,5544,12967,394837,1325
20140103,Jeolla,3516,4443,114885,12455,532
20140104,Chungcheong,87989,123364,5038,5478,6795
20140104,Gangwon,50296,5123,510,1067,79599
20140104,Gyeonggi,468592,89233,4413,7747,60970
20140104,Gyeongsang,7063,4897,14179,372645,1258
20140104,Jeolla,3489,4382,121962,12729,410
20140105,Chungcheong,77745,97613,3916,3714,4459
20140105,Gangwon,56457,5133,530,1181,73614
20140105,Gyeonggi,359233,74418,3058,5703,40280
20140105,Gyeongsang,7998,5205,12148,313524,892
20140105,Jeolla,4717,4810,105479,12806,416
20140106,Chungcheong,81604,136993,3882,4386,5024
20140106,Gangwon,39991,4614,411,860,63725
20140106,Gyeonggi,541059,91474,2936,5950,42085
20140106,Gyeongsang,6021,4442,10827,379865,948
20140106,Jeolla,2932,4103,109079,10135,395
20140107,Chungcheong,84953,137040,4234,5015,5235
20140107,Gangwon,39869,4802,375,1034,65290
20140107,Gyeonggi,553373,86070,2846,6780,40062
20140107,Gyeongsang,6976,4670,11141,382001,1059
20140107,Jeolla,2777,3742,106745,10419,376
20140108,Chungcheong,79778,128960,3797,4635,4832
20140108,Gangwon,36223,4352,387,953,59063
20140108,Gyeonggi,531726,79020,2402,5849,35655
20140108,Gyeongsang,6661,4125,9911,353808,968
20140108,Jeolla,2520,3426,97287,9550,382
20140109,Chungcheong,79647,131104,3787,4646,4958
20140109,Gangwon,35401,4385,386,927,58664
20140109,Gyeonggi,531066,79736,2580,5889,35937
20140109,Gyeongsang,6633,4375,10289,370805,945
20140109,Jeolla,2440,3590,100317,9814,370
20140110,Chungcheong,93543,142076,5119,5782,6163
20140110,Gangwon,41592,5264,520,1153,67122
20140110,Gyeonggi,557804,88232,3601,7372,49543
20140110,Gyeongsang,8331,5470,12011,388955,1256
20140110,Jeolla,3364,4756,109011,11838,507
20140111,Chungcheong,93852,127802,5387,5475,7189
20140111,Gangwon,50977,5261,438,1008,89733
20140111,Gyeonggi,488456,92946,4536,7627,63490
20140111,Gyeongsang,6833,4729,14148,383907,1309
20140111,Jeolla,3423,4488,121774,12790,417
20140112,Chungcheong,78642,98318,3857,3694,4758
20140112,Gangwon,57199,5360,485,1189,83512
20140112,Gyeonggi,369717,76985,2819,5283,42210
20140112,Gyeongsang,7543,5033,12351,322332,914
20140112,Jeolla,4463,4649,105699,12893,397
20140113,Chungcheong,81209,135498,3745,4113,5121
20140113,Gangwon,39702,4654,401,888,63269
20140113,Gyeonggi,534925,92157,2773,5694,40711
20140113,Gyeongsang,5813,4215,10737,373398,903
20140113,Jeolla,2710,3811,104953,10247,451
20140114,Chungcheong,81784,133053,3858,4916,5085
20140114,Gangwon,36731,4678,434,925,62095
20140114,Gyeonggi,541351,83678,2664,6341,37518
20140114,Gyeongsang,6675,4647,10653,378357,980
20140114,Jeolla,2447,3586,102840,9877,409
20140115,Chungcheong,83385,136118,4051,4938,5259
20140115,Gangwon,37513,4748,437,1007,62136
20140115,Gyeonggi,552289,83736,2720,6340,38562
20140115,Gyeongsang,6859,4445,10710,381702,916
20140115,Jeolla,2530,3805,104003,10472,399
20140116,Chungcheong,84286,135237,4136,4897,5343
20140116,Gangwon,38739,4812,404,951,63480
20140116,Gyeonggi,552273,84969,2678,6117,40241
20140116,Gyeongsang,6830,4582,11107,382812,988
20140116,Jeolla,2657,3745,108024,10532,440
20140117,Chungcheong,96836,147376,5202,5834,6641
20140117,Gangwon,45286,5471,554,1123,72586
20140117,Gyeonggi,572697,91118,3601,7439,52998
20140117,Gyeongsang,8508,5478,12724,402757,1296
20140117,Jeolla,3422,4487,121158,12357,514
20140118,Chungcheong,94605,128165,5274,5264,7022
20140118,Gangwon,53695,5439,520,1015,88957
20140118,Gyeonggi,494879,92694,4354,7197,64659
20140118,Gyeongsang,6882,4851,14053,384921,1324
20140118,Jeolla,3230,4570,123483,12871,469
20140119,Chungcheong,81096,101345,3900,3867,4859
20140119,Gangwon,57277,5394,453,1192,81427
20140119,Gyeonggi,379265,81428,2818,5560,43549
20140119,Gyeongsang,7297,4858,12101,329977,915
20140119,Jeolla,4403,4723,106835,12866,476
20140120,Chungcheong,71475,129892,3500,4090,4959
20140120,Gangwon,34448,4620,346,787,56826
20140120,Gyeonggi,483751,81169,2432,5430,34171
20140120,Gyeongsang,5615,4037,10810,378986,871
20140120,Jeolla,2455,3490,105056,10357,397
20140121,Chungcheong,75747,128480,3574,4616,4777
20140121,Gangwon,32561,4396,344,1014,53461
20140121,Gyeonggi,519047,77308,2329,6118,32904
20140121,Gyeongsang,6356,4314,10448,379808,960
20140121,Jeolla,2064,3094,92005,9789,351
20140122,Chungcheong,82623,137364,3994,4809,4928
20140122,Gangwon,35911,4521,356,932,56514
20140122,Gyeonggi,547029,83258,2520,6248,36365
20140122,Gyeongsang,6439,4318,10802,386187,920
20140122,Jeolla,2498,3576,105289,10508,366
20140123,Chungcheong,87096,141372,4268,5031,5431
20140123,Gangwon,37875,4894,383,991,63145
20140123,Gyeonggi,562292,86718,2757,6338,38851
20140123,Gyeongsang,6918,4793,11237,388288,1016
20140123,Jeolla,2683,3989,108574,10664,418
20140124,Chungcheong,99255,150756,5044,5672,6293
20140124,Gangwon,43439,5291,465,1064,68950
20140124,Gyeonggi,588425,91590,3436,6830,49364
20140124,Gyeongsang,8028,5254,12258,405524,1177
20140124,Jeolla,3199,4486,117868,11937,484
20140125,Chungcheong,85312,119914,4576,4579,5990
20140125,Gangwon,45907,4718,421,952,70575
20140125,Gyeonggi,459383,82252,3818,6275,53882
20140125,Gyeongsang,5998,4210,12359,362999,1007
20140125,Jeolla,2824,3922,111240,11100,431
20140126,Chungcheong,70045,94141,3199,3017,4134
20140126,Gangwon,50007,4641,384,859,58985
20140126,Gyeonggi,361135,71975,2437,4358,37041
20140126,Gyeongsang,5446,3697,10099,301564,659
20140126,Jeolla,3466,3868,99507,10495,368
20140127,Chungcheong,85669,143749,4001,4347,5274
20140127,Gangwon,39733,4967,403,784,65092
20140127,Gyeonggi,570762,95579,2964,5591,41057
20140127,Gyeongsang,5864,4130,10849,405528,938
20140127,Jeolla,2693,3618,115178,10435,389
20140128,Chungcheong,91407,144825,5064,5527,5170
20140128,Gangwon,40472,4937,560,1128,63444
20140128,Gyeonggi,580387,89824,5262,7898,39631
20140128,Gyeongsang,8697,5224,12059,407528,1155
20140128,Jeolla,3061,3683,112591,10812,436
20140129,Chungcheong,80819,134820,11530,11270,7136
20140129,Gangwon,36779,3159,637,1995,76949
20140129,Gyeonggi,512501,75119,16562,14475,68762
20140129,Gyeongsang,10073,5757,18652,403242,1686
20140129,Jeolla,4014,3896,138277,12372,566
20140130,Chungcheong,67225,93099,16644,15067,5983
20140130,Gangwon,32466,2419,598,2290,84729
20140130,Gyeonggi,340364,90696,24638,21158,73632
20140130,Gyeongsang,8614,5674,22249,333579,2143
20140130,Jeolla,4575,3720,155151,10705,589
20140131,Chungcheong,111579,149487,9250,8898,5721
20140131,Gangwon,67466,5264,728,2048,124599
20140131,Gyeonggi,460624,109315,10421,10218,71904
20140131,Gyeongsang,9212,9212,22399,484794,2092
20140131,Jeolla,7925,11724,242252,20869,624
20140201,Chungcheong,94035,100167,4300,5184,3446
20140201,Gangwon,70314,5393,621,1825,98846
20140201,Gyeonggi,327112,66448,4046,7184,37768
20140201,Gyeongsang,18290,12295,14890,350008,2484
20140201,Jeolla,20307,12804,174437,25166,690
20140202,Chungcheong,73859,79542,3579,4091,3061
20140202,Gangwon,59329,4984,635,1657,65357
20140202,Gyeonggi,287950,59596,3316,7270,30180
20140202,Gyeongsang,19576,9368,12051,278137,1406
20140202,Jeolla,21181,9937,111668,17514,733
20140203,Chungcheong,74591,124423,3419,3807,4702
20140203,Gangwon,37529,4328,397,893,56818
20140203,Gyeonggi,486730,83088,2778,6391,36809
20140203,Gyeongsang,8438,4258,10186,353932,944
20140203,Jeolla,5144,4305,100893,10423,604
20140204,Chungcheong,78865,128989,3712,4648,4590
20140204,Gangwon,33253,4182,386,950,56687
20140204,Gyeonggi,528626,81065,2683,6508,34277
20140204,Gyeongsang,6469,4383,10122,365762,985
20140204,Jeolla,2736,3405,97041,9518,421
20140205,Chungcheong,79460,130197,3706,4565,4670
20140205,Gangwon,33046,4180,330,904,56062
20140205,Gyeonggi,538838,80789,2654,6023,33948
20140205,Gyeongsang,6355,4061,9872,371129,888
20140205,Jeolla,2433,3402,98764,9319,377
20140206,Chungcheong,81697,133909,3806,4745,5027
20140206,Gangwon,34911,4352,372,937,58379
20140206,Gyeonggi,548011,83110,2521,6062,35842
20140206,Gyeongsang,6645,4471,9763,366724,921
20140206,Jeolla,2519,3442,99549,9430,353
20140207,Chungcheong,96213,143909,4838,5466,5686
20140207,Gangwon,40367,4921,494,1086,54882
20140207,Gyeonggi,573627,89289,3258,7161,43554
20140207,Gyeongsang,7979,5240,11498,383556,1089
20140207,Jeolla,3126,4213,109996,10981,442
20140208,Chungcheong,86335,116983,4500,4488,5649
20140208,Gangwon,42241,4418,366,789,50410
20140208,Gyeonggi,454972,83814,3573,6067,50228
20140208,Gyeongsang,6066,4021,11914,357898,1035
20140208,Jeolla,2914,4013,107743,10899,410
20140209,Chungcheong,68602,87443,3425,3093,3569
20140209,Gangwon,45329,4305,369,899,39566
20140209,Gyeonggi,327056,69525,2500,4646,30844
20140209,Gyeongsang,5742,3981,10658,303898,724
20140209,Jeolla,3473,3726,91756,10688,350
20140210,Chungcheong,78415,132790,3580,3906,4593
20140210,Gangwon,32587,4005,327,746,40807
20140210,Gyeonggi,535326,88466,2654,5377,34671
20140210,Gyeongsang,5386,3748,9855,356829,811
20140210,Jeolla,2375,3325,103942,9284,336
20140211,Chungcheong,80898,134962,3835,4540,4713
20140211,Gangwon,32875,4188,328,925,45362
20140211,Gyeonggi,549186,82655,2668,6183,33836
20140211,Gyeongsang,6461,4211,10015,365002,958
20140211,Jeolla,2447,3518,102924,9562,369
20140212,Chungcheong,82724,134860,3998,4664,4807
20140212,Gangwon,34095,4140,353,990,50863
20140212,Gyeonggi,552101,83150,2584,6054,34957
20140212,Gyeongsang,6544,4304,10343,377970,944
20140212,Jeolla,2531,3625,105227,9705,402
20140213,Chungcheong,86402,138459,3942,4766,4897
20140213,Gangwon,36263,4295,375,983,47086
20140213,Gyeonggi,555584,86096,2794,6431,37295
20140213,Gyeongsang,6771,4637,10525,378446,960
20140213,Jeolla,2684,3704,106883,10189,383
20140214,Chungcheong,98811,148678,5312,5745,5858
20140214,Gangwon,42226,5140,489,1151,55286
20140214,Gyeonggi,579404,93411,3888,7288,48935
20140214,Gyeongsang,8143,5376,12328,399219,1174
20140214,Jeolla,3401,4471,118385,11952,467
20140215,Chungcheong,96611,131446,5491,5480,6435
20140215,Gangwon,49554,4910,448,977,66951
20140215,Gyeonggi,499070,97369,4827,7749,61780
20140215,Gyeongsang,7115,4889,13725,383281,1095
20140215,Jeolla,3602,4594,128883,12868,438
20140216,Chungcheong,83568,101376,4074,3859,4584
20140216,Gangwon,54300,4911,416,991,61983
20140216,Gyeonggi,385226,82497,3047,6130,42900
20140216,Gyeongsang,7721,5085,12425,329860,854
20140216,Jeolla,4751,4788,108840,12860,409
20140217,Chungcheong,84228,138888,3802,4370,5158
20140217,Gangwon,39538,4741,416,845,57513
20140217,Gyeonggi,551935,95681,2871,5902,41037
20140217,Gyeongsang,6121,4307,10647,379046,838
20140217,Jeolla,2792,3985,105523,10182,443
20140218,Chungcheong,85656,136491,4034,5107,4968
20140218,Gangwon,36004,4547,370,996,50917
20140218,Gyeonggi,554771,87107,2840,6476,36259
20140218,Gyeongsang,6740,4755,10572,368215,970
20140218,Jeolla,2503,3635,104139,9827,361
20140219,Chungcheong,85814,135801,4230,4837,4913
20140219,Gangwon,36608,4603,362,968,57376
20140219,Gyeonggi,558772,85948,2850,6419,37836
20140219,Gyeongsang,6775,4440,10719,380344,934
20140219,Jeolla,2740,3730,107383,10225,433
20140220,Chungcheong,89142,140879,4273,5224,5397
20140220,Gangwon,37909,4802,453,1024,59145
20140220,Gyeonggi,559728,89534,3085,6675,38820
20140220,Gyeongsang,7284,4921,11044,383994,950
20140220,Jeolla,2892,4169,108332,10917,440
20140221,Chungcheong,103422,151649,5756,6358,6389
20140221,Gangwon,44817,5448,564,1204,67442
20140221,Gyeonggi,581374,98015,4056,8189,51617
20140221,Gyeongsang,8991,5999,13006,406138,1216
20140221,Jeolla,3658,4959,118817,12478,564
20140222,Chungcheong,100983,134308,5786,6016,6808
20140222,Gangwon,53801,5229,465,1118,79494
20140222,Gyeonggi,506535,99962,5141,8493,65113
20140222,Gyeongsang,8192,5506,15098,397684,1277
20140222,Jeolla,3838,4861,131789,13989,517
20140223,Chungcheong,88312,108375,4493,4529,5090
20140223,Gangwon,58970,5259,464,1135,71893
20140223,Gyeonggi,393741,86203,3528,6713,46348
20140223,Gyeongsang,8725,6007,13849,341600,976
20140223,Jeolla,5134,5254,116360,13936,454
20140224,Chungcheong,88256,142133,4019,4767,5394
20140224,Gangwon,42926,5012,386,958,66406
20140224,Gyeonggi,562942,98945,3070,6812,44919
20140224,Gyeongsang,7306,4813,11846,391907,1008
20140224,Jeolla,3076,4197,114004,11384,471
20140225,Chungcheong,90052,145146,4397,5517,5541
20140225,Gangwon,42168,4961,436,1100,67331
20140225,Gyeonggi,569270,91711,3034,7072,43091
20140225,Gyeongsang,7661,5254,11892,396213,1163
20140225,Jeolla,2921,4043,114179,11280,458
20140226,Chungcheong,91402,144041,4230,5164,5703
20140226,Gangwon,42832,4979,430,1072,67795
20140226,Gyeonggi,576651,91394,2887,7009,43635
20140226,Gyeongsang,7605,4868,11370,378454,1106
20140226,Jeolla,2953,4256,108676,10802,459
20140227,Chungcheong,91370,144680,4473,5201,5592
20140227,Gangwon,42370,5025,440,1191,68340
20140227,Gyeonggi,578473,91428,3065,7176,43411
20140227,Gyeongsang,7714,5009,11831,388242,1108
20140227,Jeolla,2856,4019,112197,11156,496
20140228,Chungcheong,106825,158608,6204,6849,6878
20140228,Gangwon,49218,5976,583,1310,75692
20140228,Gyeonggi,600343,103585,4918,9207,57931
20140228,Gyeongsang,10337,6507,15111,419588,1418
20140228,Jeolla,3815,5212,128652,14199,620
20140301,Chungcheong,107112,144444,6905,6396,7428
20140301,Gangwon,60821,5688,508,1195,99664
20140301,Gyeonggi,504764,109913,6467,8795,71867
20140301,Gyeongsang,8717,6066,16727,378033,1442
20140301,Jeolla,4441,6042,131088,14928,678
20140302,Chungcheong,97956,124018,5201,4807,4978
20140302,Gangwon,63574,5652,545,1309,87537
20140302,Gyeonggi,414530,96218,3831,6918,50312
20140302,Gyeongsang,8533,7330,14976,345550,1235
20140302,Jeolla,5547,7536,132200,16000,457
20140303,Chungcheong,87019,142619,3843,4320,5217
20140303,Gangwon,40258,4672,372,799,61061
20140303,Gyeonggi,561126,97910,2788,6046,42575
20140303,Gyeongsang,6027,4187,10720,383172,900
20140303,Jeolla,2916,3885,111090,10165,432
20140304,Chungcheong,85149,141514,3956,4805,4971
20140304,Gangwon,37345,4448,337,966,60160
20140304,Gyeonggi,569633,87229,2704,6410,38558
20140304,Gyeongsang,6718,4443,10334,378176,933
20140304,Jeolla,2586,3474,105076,9826,373
20140305,Chungcheong,86158,140627,3784,4702,4991
20140305,Gangwon,36744,4384,364,918,55057
20140305,Gyeonggi,568081,86209,2575,6291,37072
20140305,Gyeongsang,6462,4253,10549,384447,838
20140305,Jeolla,2539,3483,103912,10095,366
20140306,Chungcheong,86627,141681,3950,5130,5043
20140306,Gangwon,37683,4495,351,961,59327
20140306,Gyeonggi,567143,86753,2638,6285,38425
20140306,Gyeongsang,6692,4770,10721,380628,981
20140306,Jeolla,2533,3732,106768,10183,394
20140307,Chungcheong,99015,152670,5265,5731,5998
20140307,Gangwon,44166,5143,508,1075,67869
20140307,Gyeonggi,590578,93312,3525,7101,48848
20140307,Gyeongsang,8223,5362,12513,401553,1226
20140307,Jeolla,3250,4317,118693,11996,463
20140308,Chungcheong,98084,137752,5462,5651,6578
20140308,Gangwon,50030,4914,431,943,76499
20140308,Gyeonggi,505454,99566,4742,7341,62087
20140308,Gyeongsang,6763,4861,14524,396453,1134
20140308,Jeolla,3392,4446,132830,13068,464
20140309,Chungcheong,85667,107415,3950,3719,4425
20140309,Gangwon,53976,4858,415,1034,63920
20140309,Gyeonggi,374796,81743,2815,5206,38698
20140309,Gyeongsang,7257,4871,12427,335176,812
20140309,Jeolla,4600,6302,110898,13615,447
20140310,Chungcheong,84809,142908,3809,4134,5064
20140310,Gangwon,38832,4688,365,873,61919
20140310,Gyeonggi,565940,97063,2821,5660,42373
20140310,Gyeongsang,5718,4126,10757,386782,874
20140310,Jeolla,2591,3809,110264,10301,437
20140311,Chungcheong,86245,144639,4023,4923,5096
20140311,Gangwon,37739,4520,359,988,61264
20140311,Gyeonggi,575818,87618,2757,6245,39266
20140311,Gyeongsang,6578,4500,10887,387381,1019
20140311,Jeolla,2562,3584,109882,10379,398
20140312,Chungcheong,83544,138432,3785,4596,4975
20140312,Gangwon,36673,4432,362,882,59241
20140312,Gyeonggi,562211,84368,2409,6136,36878
20140312,Gyeongsang,6584,4287,10189,374299,890
20140312,Jeolla,2553,3655,102322,9858,363
20140313,Chungcheong,87221,139290,3999,4582,5138
20140313,Gangwon,38668,4483,384,925,60171
20140313,Gyeonggi,578255,87116,2716,6018,39239
20140313,Gyeongsang,6662,4338,10062,357915,973
20140313,Jeolla,2614,3626,103720,9709,364
20140314,Chungcheong,102264,157139,5592,5927,6277
20140314,Gangwon,45142,5369,501,1203,70806
20140314,Gyeonggi,606898,96666,3866,7556,49480
20140314,Gyeongsang,8308,5606,13081,407803,1185
20140314,Jeolla,3272,4510,122649,12069,495
20140315,Chungcheong,100529,144995,5981,5808,6587
20140315,Gangwon,51339,5058,469,988,80481
20140315,Gyeonggi,530125,102844,4994,7772,64018
20140315,Gyeongsang,7056,5006,15561,411373,1098
20140315,Jeolla,3568,4865,142122,14101,498
20140316,Chungcheong,90206,116893,4254,3899,4777
20140316,Gangwon,57861,5123,443,976,68265
20140316,Gyeonggi,411935,85724,2964,5332,42395
20140316,Gyeongsang,7396,5519,14226,354464,859
20140316,Jeolla,4958,5668,132756,15247,439
20140317,Chungcheong,86147,146560,3935,4383,5424
20140317,Gangwon,39109,4739,338,843,64157
20140317,Gyeonggi,574435,97529,2778,5733,42694
20140317,Gyeongsang,6199,4267,11388,394399,982
20140317,Jeolla,2692,3915,114264,10816,412
20140318,Chungcheong,85926,144256,3927,4942,5342
20140318,Gangwon,37900,4692,329,976,63187
20140318,Gyeonggi,579046,87793,2773,6485,39249
20140318,Gyeongsang,6668,4569,11016,389778,1088
20140318,Jeolla,2473,3654,109715,10512,396
20140319,Chungcheong,86583,144229,3994,5004,5409
20140319,Gangwon,39147,4847,358,980,61756
20140319,Gyeonggi,584954,87659,2619,6376,39425
20140319,Gyeongsang,6744,4517,11021,395822,959
20140319,Jeolla,2530,3491,111741,10652,399
20140320,Chungcheong,88820,146520,4088,5085,5280
20140320,Gangwon,39052,4833,395,1001,60703
20140320,Gyeonggi,583928,87988,2773,6253,39321
20140320,Gyeongsang,6822,4813,11334,383587,927
20140320,Jeolla,2643,3867,112886,10740,407
20140321,Chungcheong,102692,158822,5737,6129,6403
20140321,Gangwon,45151,5461,577,1123,71019
20140321,Gyeonggi,610409,100042,4103,7471,50327
20140321,Gyeongsang,8401,5953,13564,413757,1200
20140321,Jeolla,3292,5430,127647,12586,522
20140322,Chungcheong,102273,148568,7160,6042,6838
20140322,Gangwon,52647,5310,512,1008,81912
20140322,Gyeonggi,539351,106274,5519,7865,64615
20140322,Gyeongsang,7207,5462,18798,418864,1192
20140322,Jeolla,3557,5653,163557,15869,527
20140323,Chungcheong,92062,118584,4877,4111,4618
20140323,Gangwon,56591,5107,459,999,70077
20140323,Gyeonggi,423950,86680,2871,5467,42267
20140323,Gyeongsang,7535,5690,17185,371645,860
20140323,Jeolla,4930,6880,154288,18372,488
20140324,Chungcheong,87754,147287,4114,4564,5454
20140324,Gangwon,40092,4869,413,852,63745
20140324,Gyeonggi,582067,98383,2768,5933,43504
20140324,Gyeongsang,6251,4596,11841,397363,961
20140324,Jeolla,2843,4010,118885,11253,451
20140325,Chungcheong,87585,145102,4166,5011,5154
20140325,Gangwon,39165,4657,392,987,64022
20140325,Gyeonggi,588991,89143,2708,6490,40273
20140325,Gyeongsang,6733,4484,10972,385480,1042
20140325,Jeolla,2571,3583,108772,10532,390
20140326,Chungcheong,88715,145679,4095,5344,5315
20140326,Gangwon,39499,4838,388,1031,64421
20140326,Gyeonggi,594016,89375,2641,6906,40294
20140326,Gyeongsang,6814,4521,10937,382204,937
20140326,Jeolla,2525,3698,111655,10600,396
20140327,Chungcheong,91597,150560,4466,5030,5429
20140327,Gangwon,40835,4780,424,916,66222
20140327,Gyeonggi,603911,91926,2754,6393,41599
20140327,Gyeongsang,7431,4825,11705,396091,1058
20140327,Jeolla,2695,4172,119629,11143,390
20140328,Chungcheong,104049,161789,6064,6552,6387
20140328,Gangwon,47211,5478,575,1251,73640
20140328,Gyeonggi,623097,100230,4221,8173,51838
20140328,Gyeongsang,8737,5949,14477,425117,1229
20140328,Jeolla,3495,4786,132590,13600,538
20140329,Chungcheong,101273,142570,6555,6174,6611
20140329,Gangwon,51006,5158,526,1047,80440
20140329,Gyeonggi,523188,104206,5710,8388,62013
20140329,Gyeongsang,7628,5121,15753,373485,1144
20140329,Jeolla,3673,5178,132694,13716,510
20140330,Chungcheong,93901,125358,4952,4242,4825
20140330,Gangwon,57358,5084,425,993,70782
20140330,Gyeonggi,446240,92113,3254,5924,45227
20140330,Gyeongsang,8421,6228,15814,356561,902
20140330,Jeolla,5403,7117,149737,17374,465
20140331,Chungcheong,87560,146383,3914,4608,5223
20140331,Gangwon,40435,4486,406,866,64397
20140331,Gyeonggi,587977,98619,2863,6217,43956
20140331,Gyeongsang,6257,4323,11498,396642,931
20140331,Jeolla,2815,4038,116778,11165,444
20140401,Chungcheong,86945,149745,4038,5146,5025
20140401,Gangwon,38814,4456,435,1044,62878
20140401,Gyeonggi,592109,88978,2975,7097,40633
20140401,Gyeongsang,7106,4739,11960,400770,994
20140401,Jeolla,2593,3732,117990,11238,412
20140402,Chungcheong,89793,149660,4205,5260,5260
20140402,Gangwon,40385,4655,397,1031,66060
20140402,Gyeonggi,596853,90326,2988,7037,41751
20140402,Gyeongsang,7421,4703,11787,409830,1098
20140402,Jeolla,2918,3853,118722,11447,424
20140403,Chungcheong,89126,149800,4349,5298,5128
20140403,Gangwon,40678,4748,475,1138,66607
20140403,Gyeonggi,586550,89210,2962,7194,40905
20140403,Gyeongsang,7882,5047,11888,403755,1141
20140403,Jeolla,2924,4041,119560,11572,497
20140404,Chungcheong,101787,161482,6124,7115,6473
20140404,Gangwon,47984,5624,599,1503,72851
20140404,Gyeonggi,610528,102198,5265,9914,55001
20140404,Gyeongsang,9309,5857,14857,426270,1339
20140404,Jeolla,3357,4867,133200,13723,556
20140405,Chungcheong,103555,159546,7960,7437,7025
20140405,Gangwon,56534,5139,563,1421,90502
20140405,Gyeonggi,543446,108095,9588,11417,68511
20140405,Gyeongsang,8736,6350,19719,438797,1338
20140405,Jeolla,4590,6085,166051,17055,551
20140406,Chungcheong,100509,143830,4988,4903,4958
20140406,Gangwon,61040,5294,476,1127,86319
20140406,Gyeonggi,446477,96071,4332,6285,48667
20140406,Gyeongsang,10415,7960,17127,394447,1653
20140406,Jeolla,7980,9942,152468,19207,544
20140407,Chungcheong,91502,152092,4047,4694,5616
20140407,Gangwon,42550,4938,408,839,67962
20140407,Gyeonggi,587264,100693,2911,6238,46250
20140407,Gyeongsang,7237,4732,11866,400441,1030
20140407,Jeolla,3978,4271,119060,11676,497
20140408,Chungcheong,89589,151064,4136,5147,5345
20140408,Gangwon,41510,4761,409,1057,70138
20140408,Gyeonggi,597264,91338,2811,6642,42738
20140408,Gyeongsang,7357,4832,11933,398442,1139
20140408,Jeolla,2712,3740,115612,11257,434
20140409,Chungcheong,90222,151683,3976,4987,5477
20140409,Gangwon,41572,4906,373,958,69303
20140409,Gyeonggi,596815,91191,2803,6661,42336
20140409,Gyeongsang,7173,4514,11483,398412,964
20140409,Jeolla,2720,3686,116864,11121,403
20140410,Chungcheong,91359,152624,4328,4951,5521
20140410,Gangwon,42580,4889,460,1045,69409
20140410,Gyeonggi,602261,91976,2982,6578,43438
20140410,Gyeongsang,7386,4828,11862,398757,1004
20140410,Jeolla,2882,3948,117844,11316,417
20140411,Chungcheong,103786,163954,6006,6334,6640
20140411,Gangwon,48928,6030,536,1206,80548
20140411,Gyeonggi,622992,103277,4769,8381,56238
20140411,Gyeongsang,9207,5860,14235,416944,1208
20140411,Jeolla,3549,4983,133047,13068,485
20140412,Chungcheong,105325,154293,7050,6284,7378
20140412,Gangwon,56592,5323,566,1166,95695
20140412,Gyeonggi,535067,107080,8001,9303,68887
20140412,Gyeongsang,7800,5710,17577,413992,1254
20140412,Jeolla,4425,5841,157315,14987,495
20140413,Chungcheong,94340,127362,4884,4360,5027
20140413,Gangwon,59572,5491,474,1117,84516
20140413,Gyeonggi,435153,88852,3782,5973,45714
20140413,Gyeongsang,8878,6338,13715,349842,1137
20140413,Jeolla,7241,7551,131965,15763,525
20140414,Chungcheong,90020,152259,3951,4463,5700
20140414,Gangwon,43034,5065,366,825,69149
20140414,Gyeonggi,593696,102899,3035,6008,46712
20140414,Gyeongsang,6289,4383,11665,394716,848
20140414,Jeolla,3203,4159,120941,11138,489
20140415,Chungcheong,90832,151552,4324,5130,5573
20140415,Gangwon,41846,4928,441,1028,67847
20140415,Gyeonggi,603186,93016,2924,6783,43407
20140415,Gyeongsang,7073,4918,11785,399316,1054
20140415,Jeolla,2712,3818,116728,11444,460
20140416,Chungcheong,91109,152677,4191,5099,5508
20140416,Gangwon,42273,5123,397,959,67564
20140416,Gyeonggi,602843,92146,3241,6534,43016
20140416,Gyeongsang,7184,4652,11496,404609,1001
20140416,Jeolla,2808,3960,121228,11296,434
20140417,Chungcheong,89407,148511,4080,5025,5433
20140417,Gangwon,41903,4906,424,959,66488
20140417,Gyeonggi,589878,89218,3085,6322,41816
20140417,Gyeongsang,7125,4706,10906,383973,1029
20140417,Jeolla,2972,3950,110854,10440,426
20140418,Chungcheong,101644,159632,5716,6264,6550
20140418,Gangwon,47694,5637,570,1241,73298
20140418,Gyeonggi,614159,100832,4276,7994,53655
20140418,Gyeongsang,8613,5491,13287,403007,1194
20140418,Jeolla,3601,4798,122437,12362,497
20140419,Chungcheong,104671,150821,6305,6066,7102
20140419,Gangwon,53869,5368,482,1155,82249
20140419,Gyeonggi,532758,109477,6062,8488,66472
20140419,Gyeongsang,7344,5381,15824,407735,1206
20140419,Jeolla,3956,5202,141918,13832,506
20140420,Chungcheong,95082,124527,4327,4213,4851
20140420,Gangwon,59404,5202,422,1039,72830
20140420,Gyeonggi,422686,87685,3356,5643,44740
20140420,Gyeongsang,8174,5790,13250,362992,1018
20140420,Jeolla,5669,6238,128765,14690,472
20140421,Chungcheong,90005,150843,3990,4525,5530
20140421,Gangwon,42406,4812,363,839,66729
20140421,Gyeonggi,590891,100641,3012,6163,45794
20140421,Gyeongsang,6577,4451,11318,394494,891
20140421,Jeolla,3092,4127,116600,10935,458
20140422,Chungcheong,89508,150419,4089,5024,5511
20140422,Gangwon,41125,4876,365,992,66965
20140422,Gyeonggi,598445,92193,2953,6567,42741
20140422,Gyeongsang,7082,4852,11177,396159,1083
20140422,Jeolla,2847,3753,114738,10378,472
20140423,Chungcheong,89468,149615,4061,4871,5450
20140423,Gangwon,40813,4880,388,973,66741
20140423,Gyeonggi,595402,90362,2780,6405,41020
20140423,Gyeongsang,6961,4522,11089,395127,1019
20140423,Jeolla,2821,3670,113568,10755,383
20140424,Chungcheong,91956,150797,4270,5120,5520
20140424,Gangwon,42470,4837,354,994,67856
20140424,Gyeonggi,604891,92651,2844,6587,42869
20140424,Gyeongsang,7294,4733,11314,397485,1010
20140424,Jeolla,3058,3834,114756,10869,414
20140425,Chungcheong,104170,162771,5508,6284,6378
20140425,Gangwon,48088,5619,526,1122,74559
20140425,Gyeonggi,620726,101559,3989,7827,53524
20140425,Gyeongsang,8646,5803,13115,414996,1184
20140425,Jeolla,3518,4705,125551,12564,528
20140426,Chungcheong,107668,154306,6101,5921,7142
20140426,Gangwon,56609,5568,487,1068,85822
20140426,Gyeonggi,547923,110689,5816,8339,67509
20140426,Gyeongsang,7578,5361,15719,416483,1314
20140426,Jeolla,3954,5385,143317,14186,529
20140427,Chungcheong,86669,106781,4023,3751,4333
20140427,Gangwon,56483,4885,435,1031,65078
20140427,Gyeonggi,384395,79709,3038,5279,39367
20140427,Gyeongsang,7879,5097,11533,340797,831
20140427,Jeolla,5163,5282,103468,12738,407
20140428,Chungcheong,83739,140785,3757,4223,5276
20140428,Gangwon,38846,4500,344,734,62906
20140428,Gyeonggi,549377,95267,2654,5576,41573
20140428,Gyeongsang,5770,4093,9791,352363,899
20140428,Jeolla,2779,3789,107611,9432,448
20140429,Chungcheong,87578,143074,3939,4942,5152
20140429,Gangwon,39539,4654,406,959,62283
20140429,Gyeonggi,588665,90106,2907,6589,41104
20140429,Gyeongsang,6719,4464,10358,378320,1037
20140429,Jeolla,2615,3395,107361,9934,385
20140430,Chungcheong,99062,155782,4785,5615,5727
20140430,Gangwon,43731,5086,434,1024,66288
20140430,Gyeonggi,622668,97971,3145,7057,46872
20140430,Gyeongsang,8229,5049,11798,399785,1119
20140430,Jeolla,2953,3930,114633,10976,395
20140501,Chungcheong,85865,136220,4783,5259,5825
20140501,Gangwon,45528,4584,383,1017,70559
20140501,Gyeonggi,506791,89396,4902,9883,56592
20140501,Gyeongsang,6807,4180,12647,359202,1074
20140501,Jeolla,2571,3760,122741,11852,455
20140502,Chungcheong,99189,160590,6625,7058,7375
20140502,Gangwon,52024,5554,619,1381,89009
20140502,Gyeonggi,593211,107228,7704,11092,66491
20140502,Gyeongsang,9172,5817,15723,422600,1425
20140502,Jeolla,3624,4808,141171,14134,588
20140503,Chungcheong,98675,161958,15978,16117,10099
20140503,Gangwon,56722,4863,897,2711,145926
20140503,Gyeonggi,540307,98809,16829,19798,85583
20140503,Gyeongsang,12745,8718,30758,445152,2932
20140503,Jeolla,5530,7536,197128,22446,1378
20140504,Chungcheong,97537,143077,12312,10685,8150
20140504,Gangwon,62836,5455,813,2367,177368
20140504,Gyeonggi,458561,107570,13072,15972,76218
20140504,Gyeongsang,10557,9078,31079,440766,2435
20140504,Jeolla,5897,10634,221295,29110,953
20140505,Chungcheong,108688,158531,7977,7507,6468
20140505,Gangwon,79868,7357,1110,2437,176174
20140505,Gyeonggi,470314,96232,4996,9455,62409
20140505,Gyeongsang,14339,13652,27926,433907,2756
20140505,Jeolla,8191,12448,235433,31047,727
20140506,Chungcheong,103243,134187,5408,5353,4444
20140506,Gangwon,83319,6879,1152,2056,98326
20140506,Gyeonggi,438574,78754,3824,8420,40948
20140506,Gyeongsang,21636,11037,17276,382112,1840
20140506,Jeolla,15448,12748,162995,21934,828
20140507,Chungcheong,89543,149319,3912,4442,5518
20140507,Gangwon,44233,5022,408,900,66378
20140507,Gyeonggi,582981,96048,2841,6098,43368
20140507,Gyeongsang,7245,4518,11071,400846,963
20140507,Jeolla,4009,4084,119303,10672,523
20140508,Chungcheong,92739,156260,4159,5250,5487
20140508,Gangwon,41951,5013,424,1056,69273
20140508,Gyeonggi,607563,93746,2864,6647,41736
20140508,Gyeongsang,7317,4811,11341,408898,1051
20140508,Jeolla,2815,3872,121861,10742,388
20140509,Chungcheong,103112,160977,5347,6035,6215
20140509,Gangwon,46987,5598,441,1138,73615
20140509,Gyeonggi,620477,100208,3728,7404,51178
20140509,Gyeongsang,8693,5473,13135,417318,1250
20140509,Jeolla,3343,4438,125129,12467,550
20140510,Chungcheong,103434,150929,5855,5971,6801
20140510,Gangwon,52498,5166,463,1082,82339
20140510,Gyeonggi,539041,106483,4997,7888,64954
20140510,Gyeongsang,7333,5193,15488,412889,1242
20140510,Jeolla,3510,5006,142564,13760,510
20140511,Chungcheong,89304,113013,3994,3801,4431
20140511,Gangwon,54544,4977,420,1004,68213
20140511,Gyeonggi,399170,82161,2847,5278,41061
20140511,Gyeongsang,7507,5157,12541,347213,923
20140511,Jeolla,4472,5161,114578,13422,402
20140512,Chungcheong,87430,146983,4001,4380,5477
20140512,Gangwon,40489,4785,315,819,65225
20140512,Gyeonggi,580896,98504,2924,5875,46387
20140512,Gyeongsang,6136,4308,10892,380354,974
20140512,Jeolla,2691,4036,113172,10458,420
20140513,Chungcheong,89933,151011,4258,5277,5532
20140513,Gangwon,41087,4873,386,1097,67670
20140513,Gyeonggi,599839,93441,2957,6878,43257
20140513,Gyeongsang,7224,4768,11345,396266,1136
20140513,Jeolla,2663,3892,114584,10817,446
20140514,Chungcheong,90499,152125,4108,5029,5621
20140514,Gangwon,41564,4942,370,993,66955
20140514,Gyeonggi,602305,92164,2749,6510,42104
20140514,Gyeongsang,7299,4861,10674,395401,1180
20140514,Jeolla,2737,3736,110939,10448,434
20140515,Chungcheong,92298,154233,4262,5057,5709
20140515,Gangwon,43288,4956,381,1084,67421
20140515,Gyeonggi,607177,92616,2977,6619,44393
20140515,Gyeongsang,7660,4973,11248,397451,1164
20140515,Jeolla,2793,3842,114753,10709,405
20140516,Chungcheong,104228,164239,5558,6216,6718
20140516,Gangwon,48537,5790,530,1260,76266
20140516,Gyeonggi,624107,102378,3899,8026,54502
20140516,Gyeongsang,9341,5892,13411,414751,1312
20140516,Jeolla,3510,4732,128240,12641,539
20140517,Chungcheong,105865,156384,6342,6121,7504
20140517,Gangwon,55223,5479,487,1035,87445
20140517,Gyeonggi,544018,111047,5363,8386,69082
20140517,Gyeongsang,7717,5528,16435,412911,1340
20140517,Jeolla,3633,5326,148158,14570,533
20140518,Chungcheong,99716,126417,4789,4407,5021
20140518,Gangwon,62290,5423,471,1182,78805
20140518,Gyeonggi,432457,89527,3077,5937,46255
20140518,Gyeongsang,8248,5545,14179,367417,922
20140518,Jeolla,4919,5906,131695,15372,439
20140519,Chungcheong,89539,149852,4025,4546,5829
20140519,Gangwon,43182,5040,390,880,67337
20140519,Gyeonggi,593310,101126,2865,5967,46633
20140519,Gyeongsang,6476,4451,11386,392225,1008
20140519,Jeolla,2965,4069,115474,10836,497
20140520,Chungcheong,87685,149324,3962,5043,5391
20140520,Gangwon,41473,4893,400,1009,66851
20140520,Gyeonggi,598831,91335,2764,6517,43068
20140520,Gyeongsang,7076,4678,10570,380909,1091
20140520,Jeolla,2505,3674,104818,10041,419
20140521,Chungcheong,89819,149934,4169,5174,5489
20140521,Gangwon,41918,4903,363,1082,67236
20140521,Gyeonggi,599958,90416,2795,6521,43479
20140521,Gyeongsang,7011,4505,10733,394454,1072
20140521,Jeolla,2627,3608,115359,10482,419
20140522,Chungcheong,90026,150675,4116,5153,5398
20140522,Gangwon,44013,4934,392,1101,69094
20140522,Gyeonggi,602633,90700,2814,6567,44332
20140522,Gyeongsang,7575,4769,11016,393719,1172
20140522,Jeolla,2821,3810,115210,10646,437
20140523,Chungcheong,104151,162650,5488,6249,6666
20140523,Gangwon,49088,5727,469,1157,76099
20140523,Gyeonggi,624853,101811,3790,7802,55181
20140523,Gyeongsang,8989,5904,13565,413311,1244
20140523,Jeolla,3493,4692,125649,12620,533
20140524,Chungcheong,105890,152302,6176,6004,7133
20140524,Gangwon,55234,5342,479,1051,88169
20140524,Gyeonggi,542890,109797,5106,8035,68460
20140524,Gyeongsang,7629,5362,16252,407576,1327
20140524,Jeolla,3708,5218,147219,14535,498
20140525,Chungcheong,91814,115708,4274,4041,4844
20140525,Gangwon,58606,5101,426,1140,74099
20140525,Gyeonggi,407107,83414,3218,5710,43674
20140525,Gyeongsang,7399,5243,12520,346618,976
20140525,Jeolla,4355,5344,115159,13694,456
20140526,Chungcheong,87370,152021,4004,4477,5479
20140526,Gangwon,41941,5460,402,893,67653
20140526,Gyeonggi,585005,101960,3066,6447,46334
20140526,Gyeongsang,6442,5451,11141,379807,995
20140526,Jeolla,2817,4905,113812,10462,444
20140527,Chungcheong,88979,148273,4069,5055,5641
20140527,Gangwon,41847,5030,337,1069,68190
20140527,Gyeonggi,602044,91581,2942,6836,44116
20140527,Gyeongsang,7013,4652,11095,390460,1117
20140527,Jeolla,2659,3649,113231,10367,461
20140528,Chungcheong,89635,150697,4204,5093,5373
20140528,Gangwon,42161,4893,385,1011,67463
20140528,Gyeonggi,599658,91287,2808,6702,43088
20140528,Gyeongsang,7046,4622,11074,391917,1064
20140528,Jeolla,2697,3798,114399,10525,453
20140529,Chungcheong,90804,153999,3997,5117,5625
20140529,Gangwon,42824,4891,454,1011,68336
20140529,Gyeonggi,601046,92046,2705,6612,43555
20140529,Gyeongsang,7205,4806,10870,393149,1075
20140529,Jeolla,2693,3861,115691,10468,433
20140530,Chungcheong,101840,159981,5497,6023,6595
20140530,Gangwon,47400,5516,512,1191,74221
20140530,Gyeonggi,618605,98799,3789,7299,53431
20140530,Gyeongsang,8386,5490,13296,411949,1159
20140530,Jeolla,3334,4499,124230,12335,505
20140531,Chungcheong,103087,152277,5885,5920,7146
20140531,Gangwon,53942,5402,534,1047,87892
20140531,Gyeonggi,537323,109131,5137,8049,69585
20140531,Gyeongsang,7565,5196,15725,417793,1261
20140531,Jeolla,3359,4919,145396,13665,523
20140601,Chungcheong,95510,119414,4306,3968,5040
20140601,Gangwon,62301,5505,458,1096,76509
20140601,Gyeonggi,418134,85961,2849,5155,44214
20140601,Gyeongsang,7315,4996,12561,355164,874
20140601,Jeolla,4785,5524,129234,14301,434
20140602,Chungcheong,88167,146694,3780,4352,5532
20140602,Gangwon,42047,4918,372,802,68148
20140602,Gyeonggi,578261,98516,2642,5744,45610
20140602,Gyeongsang,6079,4293,10579,385151,927
20140602,Jeolla,2837,3975,104610,10275,421
20140603,Chungcheong,91575,144743,4347,5229,5572
20140603,Gangwon,41962,5046,420,1019,69355
20140603,Gyeonggi,570097,89006,2932,6617,43284
20140603,Gyeongsang,7496,4799,10693,378700,1082
20140603,Jeolla,2585,3689,108251,9999,410
20140604,Chungcheong,80119,128917,4823,5175,5837
20140604,Gangwon,43036,4690,481,1034,71476
20140604,Gyeonggi,500667,86189,4471,9488,56408
20140604,Gyeongsang,6143,4006,11843,350353,1012
20140604,Jeolla,2371,3719,113816,11126,555
20140605,Chungcheong,103904,159743,6115,6424,7220
20140605,Gangwon,53149,5913,599,1238,87657
20140605,Gyeonggi,621468,111606,5503,9425,67749
20140605,Gyeongsang,7630,5272,14956,414848,1335
20140605,Jeolla,3436,4777,137172,14003,586
20140606,Chungcheong,101049,152254,10755,10114,9258
20140606,Gangwon,60642,5678,726,1822,136865
20140606,Gyeonggi,507487,105342,9713,15243,79819
20140606,Gyeongsang,10563,7415,24693,411655,2251
20140606,Jeolla,4754,7515,172696,21465,935
20140607,Chungcheong,104623,148799,6384,5483,6732
20140607,Gangwon,69816,6483,644,1374,136625
20140607,Gyeonggi,494957,100117,4470,6940,65283
20140607,Gyeongsang,10715,7581,21021,415876,1489
20140607,Jeolla,5924,8128,166040,20551,640
20140608,Chungcheong,95579,120487,5050,5039,4921
20140608,Gangwon,75756,6701,891,1864,92035
20140608,Gyeonggi,401946,81795,3801,7560,41344
20140608,Gyeongsang,14561,8890,15687,358968,1479
20140608,Jeolla,9293,8258,136717,19002,681
20140609,Chungcheong,91805,150754,3942,4552,5792
20140609,Gangwon,44713,5144,428,874,69030
20140609,Gyeonggi,592805,101260,3005,6320,46914
20140609,Gyeongsang,6953,4480,11234,393851,1048
20140609,Jeolla,3615,4210,118621,11026,547
20140610,Chungcheong,88764,149485,4314,5223,5527
20140610,Gangwon,41610,5082,458,1022,69341
20140610,Gyeonggi,598297,91215,2945,6900,43641
20140610,Gyeongsang,7224,4828,11163,393454,1111
20140610,Jeolla,2676,3845,117445,10632,464
20140611,Chungcheong,90673,149939,4206,5013,5665
20140611,Gangwon,42568,5146,421,945,68115
20140611,Gyeonggi,592498,91190,2762,6417,43546
20140611,Gyeongsang,6978,4553,10746,391507,1054
20140611,Jeolla,2715,3990,117674,10381,420
20140612,Chungcheong,91432,150420,4292,5193,5536
20140612,Gangwon,43292,5126,489,1039,69981
20140612,Gyeonggi,605176,92580,2809,6509,44359
20140612,Gyeongsang,7199,4750,10726,384848,1119
20140612,Jeolla,2798,3947,116542,10390,471
20140613,Chungcheong,103583,163509,5656,6180,6858
20140613,Gangwon,48189,5862,569,1225,78472
20140613,Gyeonggi,618211,102655,3855,7636,56520
20140613,Gyeongsang,8374,5612,13422,410612,1300
20140613,Jeolla,3523,4661,130196,12634,538
20140614,Chungcheong,105642,155283,6113,5869,7813
20140614,Gangwon,55666,5686,505,1101,92099
20140614,Gyeonggi,541424,113818,5014,7920,72921
20140614,Gyeongsang,7166,5351,16258,416646,1368
20140614,Jeolla,3613,5329,148977,14130,549
20140615,Chungcheong,98456,122014,4537,4097,4963
20140615,Gangwon,64465,5678,515,1160,78423
20140615,Gyeonggi,421933,86842,2889,5180,45036
20140615,Gyeongsang,7190,5051,12977,351289,859
20140615,Jeolla,4535,5640,130984,14334,461
20140616,Chungcheong,91292,152721,4111,4359,5742
20140616,Gangwon,44616,5153,444,836,71254
20140616,Gyeonggi,594473,102449,2892,5881,48214
20140616,Gyeongsang,5930,4285,11252,389769,978
20140616,Jeolla,2976,4162,120821,10775,511
20140617,Chungcheong,90554,150776,4246,5187,5828
20140617,Gangwon,43129,5118,389,1035,70699
20140617,Gyeonggi,599493,92260,2863,6646,44890
20140617,Gyeongsang,6966,4750,10981,390643,1115
20140617,Jeolla,2782,3903,114809,10581,445
20140618,Chungcheong,90050,149219,4085,4875,5577
20140618,Gangwon,42721,5106,423,1021,68619
20140618,Gyeonggi,592617,90530,2730,6215,43156
20140618,Gyeongsang,6605,4430,10584,384736,1032
20140618,Jeolla,2620,3862,118102,10459,487
20140619,Chungcheong,93878,154763,4343,5184,5997
20140619,Gangwon,44661,5478,511,1126,71690
20140619,Gyeonggi,604601,94457,2806,6449,45894
20140619,Gyeongsang,7110,4836,11314,395933,1174
20140619,Jeolla,2829,4121,120661,10914,488
20140620,Chungcheong,107415,167780,5708,6636,7179
20140620,Gangwon,52376,6398,579,1241,81926
20140620,Gyeonggi,623802,105866,3817,7551,59082
20140620,Gyeongsang,8400,6022,13428,420442,1334
20140620,Jeolla,3679,5061,131719,13213,519
20140621,Chungcheong,106792,153933,6219,5815,7757
20140621,Gangwon,56403,5869,530,1073,94629
20140621,Gyeonggi,538112,113448,4788,7739,72219
20140621,Gyeongsang,7090,5296,14468,403608,1366
20140621,Jeolla,3534,5246,141400,13030,591
20140622,Chungcheong,94587,125480,4464,4307,4963
20140622,Gangwon,64565,5774,516,1165,82477
20140622,Gyeonggi,427169,88471,3050,5620,45987
20140622,Gyeongsang,7083,5097,12401,348436,893
20140622,Jeolla,4389,5625,128444,13838,466
20140623,Chungcheong,88328,148823,3935,4603,5898
20140623,Gangwon,42633,5212,415,919,68771
20140623,Gyeonggi,577201,99232,2902,6104,45589
20140623,Gyeongsang,6262,4506,11052,388204,995
20140623,Jeolla,2896,4136,113823,10649,507
20140624,Chungcheong,89955,150623,4283,5221,5704
20140624,Gangwon,41861,5149,432,1063,71136
20140624,Gyeonggi,596831,91692,2943,6591,43903
20140624,Gyeongsang,6769,4643,11106,390528,1065
20140624,Jeolla,2645,3805,116804,10538,455
20140625,Chungcheong,90950,153529,4226,5245,5822
20140625,Gangwon,42825,5278,428,1030,69863
20140625,Gyeonggi,602760,92421,2768,6479,43975
20140625,Gyeongsang,6705,4720,11001,396097,1058
20140625,Jeolla,2694,3896,117861,10658,460
20140626,Chungcheong,93011,154798,4271,5191,6001
20140626,Gangwon,44872,5284,460,1076,72291
20140626,Gyeonggi,608174,92969,2840,6544,45641
20140626,Gyeongsang,7232,4989,11529,397144,1086
20140626,Jeolla,2887,3975,120031,11014,461
20140627,Chungcheong,104181,165079,5788,6372,7266
20140627,Gangwon,50552,6109,581,1336,79904
20140627,Gyeonggi,621404,102681,3955,7835,57989
20140627,Gyeongsang,8634,5777,13675,418290,1224
20140627,Jeolla,3617,4730,128727,12999,580
20140628,Chungcheong,103458,151370,5802,5584,7755
20140628,Gangwon,56167,5783,514,1050,89308
20140628,Gyeonggi,537287,110387,5058,7566,72966
20140628,Gyeongsang,7189,5068,15456,405855,1328
20140628,Jeolla,3462,5090,148644,13579,573
20140629,Chungcheong,96311,121533,4318,4032,4840
20140629,Gangwon,64523,5489,468,1084,82919
20140629,Gyeonggi,425645,84856,2980,5407,44949
20140629,Gyeongsang,7274,5193,12788,347476,870
20140629,Jeolla,4683,5311,128843,14052,461
20140630,Chungcheong,89442,150247,3938,4519,5692
20140630,Gangwon,44556,5221,417,899,70053
20140630,Gyeonggi,591599,100490,2979,5953,46984
20140630,Gyeongsang,6050,4264,11422,387848,961
20140630,Jeolla,2989,4086,117882,10877,498
20140701,Chungcheong,86248,146644,3931,4816,5453
20140701,Gangwon,40952,4851,398,956,67505
20140701,Gyeonggi,589142,89087,,6449,43105
20140701,Gyeongsang,6631,4551,10960,385829,1032
20140701,Jeolla,2629,3628,112948,10312,451
20140702,Chungcheong,87649,146879,3976,4750,5558
20140702,Gangwon,41914,5047,442,987,68109
20140702,Gyeonggi,593510,88303,,6170,42848
20140702,Gyeongsang,6752,4468,10637,386112,957
20140702,Jeolla,2634,4245,111060,10516,485
20140703,Chungcheong,85870,141996,3967,4784,5586
20140703,Gangwon,41196,5156,471,1003,66771
20140703,Gyeonggi,571055,86988,,6004,41871
20140703,Gyeongsang,6783,4533,10141,363326,969
20140703,Jeolla,2587,3775,105512,9718,498
20140704,Chungcheong,102952,160768,5533,6255,7220
20140704,Gangwon,48606,5921,524,1180,78644
20140704,Gyeonggi,623711,102341,,7777,59498
20140704,Gyeongsang,8614,5493,13052,407831,1228
20140704,Jeolla,3357,4656,121808,12284,589
20140705,Chungcheong,103951,150980,5703,5593,7428
20140705,Gangwon,56652,5556,505,1039,93074
20140705,Gyeonggi,546362,110159,,7594,69109
20140705,Gyeongsang,6862,4907,14745,411082,1250
20140705,Jeolla,3334,4858,137185,13085,514
20140706,Chungcheong,95062,115429,4012,3699,4927
20140706,Gangwon,65040,5527,436,1099,84456
20140706,Gyeonggi,420229,84761,,5460,44771
20140706,Gyeongsang,7390,5185,10845,317604,920
20140706,Jeolla,4555,5178,102000,12135,433
20140707,Chungcheong,88379,149337,3895,4178,5887
20140707,Gangwon,43256,5303,391,898,71735
20140707,Gyeonggi,585229,99567,,5673,47324
20140707,Gyeongsang,5623,4079,10691,372509,945
20140707,Jeolla,2673,4001,111081,10179,503
20140708,Chungcheong,87142,149204,4015,4803,5628
20140708,Gangwon,42468,5237,375,966,71197
20140708,Gyeonggi,587250,89365,,6227,43558
20140708,Gyeongsang,6712,4522,10108,361356,1040
20140708,Jeolla,2522,3672,107549,9719,460
20140709,Chungcheong,86363,145809,3769,4411,5605
20140709,Gangwon,42143,5025,398,906,67959
20140709,Gyeonggi,587337,87069,,5742,42682
20140709,Gyeongsang,6362,4093,8575,350681,947
20140709,Jeolla,2452,3532,97126,8383,417
20140710,Chungcheong,88662,150144,3964,4904,5728
20140710,Gangwon,42770,5176,437,971,69624
20140710,Gyeonggi,600091,89388,,6277,44954
20140710,Gyeongsang,6356,4279,10077,369311,924
20140710,Jeolla,2528,3636,109542,9886,462
20140711,Chungcheong,103207,163943,5719,6321,7520
20140711,Gangwon,50571,6063,602,1226,82420
20140711,Gyeonggi,623127,102592,,8080,62554
20140711,Gyeongsang,8329,5607,13726,416164,1231
20140711,Jeolla,3358,4758,128419,12694,601
20140712,Chungcheong,104135,153333,5886,5526,8095
20140712,Gangwon,58222,5920,536,1063,102139
20140712,Gyeonggi,552908,111190,,7666,71655
20140712,Gyeongsang,7140,4934,15073,417758,1257
20140712,Jeolla,3436,4952,147184,13780,556
20140713,Chungcheong,95991,122238,4248,3876,5209
20140713,Gangwon,67749,5872,520,1127,96621
20140713,Gyeonggi,432308,85702,,5492,47001
20140713,Gyeongsang,7011,5273,12248,327813,930
20140713,Jeolla,4495,5377,123008,13345,497
20140714,Chungcheong,88347,150782,3954,4297,5996
20140714,Gangwon,46370,5408,448,822,73011
20140714,Gyeonggi,591756,100236,,6027,48555
20140714,Gyeongsang,5905,4183,10636,386563,947
20140714,Jeolla,2934,4130,115613,10353,503
20140715,Chungcheong,88829,150423,4244,4988,5976
20140715,Gangwon,44323,5433,472,1115,73916
20140715,Gyeonggi,605578,91552,,6744,46073
20140715,Gyeongsang,7125,4788,11310,393843,1096
20140715,Jeolla,2802,4017,114357,10723,514
20140716,Chungcheong,90390,152134,4156,4952,6175
20140716,Gangwon,44979,5424,453,1014,74522
20140716,Gyeonggi,603793,90779,,6375,45582
20140716,Gyeongsang,6768,4599,10891,383946,1068
20140716,Jeolla,2681,3836,114237,10430,543
20140717,Chungcheong,89943,149572,4155,5043,6076
20140717,Gangwon,46019,5503,473,1044,74074
20140717,Gyeonggi,602733,89942,,6478,46609
20140717,Gyeongsang,6878,4569,10668,378644,1054
20140717,Jeolla,2726,3892,105940,10407,527
20140718,Chungcheong,99827,153898,5598,5914,7111
20140718,Gangwon,48097,5847,615,1176,80213
20140718,Gyeonggi,597311,96799,,7733,58034
20140718,Gyeongsang,8174,5292,12849,396664,1248
20140718,Jeolla,3347,4451,122212,12054,578
20140719,Chungcheong,97391,145855,5368,5519,7474
20140719,Gangwon,54937,5405,517,986,95499
20140719,Gyeonggi,537485,105729,,7629,69122
20140719,Gyeongsang,6623,4650,14328,410524,1313
20140719,Jeolla,3147,4731,130612,13145,614
20140720,Chungcheong,91875,123689,4322,3779,5324
20140720,Gangwon,65899,6084,614,1216,90549
20140720,Gyeonggi,424885,82962,,5356,47133
20140720,Gyeongsang,7315,5084,12441,356434,821
20140720,Jeolla,4332,5223,133966,13297,482
20140721,Chungcheong,90017,152020,4088,4547,6383
20140721,Gangwon,47383,5700,488,892,74950
20140721,Gyeonggi,592719,101655,,6372,50672
20140721,Gyeongsang,6532,4525,11530,390395,1008
20140721,Jeolla,2958,4169,118524,11023,538
20140722,Chungcheong,90162,151377,4296,5217,6215
20140722,Gangwon,46527,5684,485,1142,75783
20140722,Gyeonggi,595175,92370,,6664,46979
20140722,Gyeongsang,7191,4935,11635,393613,1090
20140722,Jeolla,2763,4033,119343,11032,519
20140723,Chungcheong,83350,144257,4388,5334,5825
20140723,Gangwon,40781,5168,530,1109,69616
20140723,Gyeonggi,547151,82226,,6766,41223
20140723,Gyeongsang,6950,4742,11628,399881,1050
20140723,Jeolla,2770,4067,120136,11316,579
20140724,Chungcheong,88885,147934,4317,5249,6226
20140724,Gangwon,44135,5361,544,1109,74583
20140724,Gyeonggi,567394,87242,,6945,44656
20140724,Gyeongsang,7569,4801,11756,398304,1112
20140724,Jeolla,2892,4022,116603,11420,566
20140725,Chungcheong,99965,159698,5783,6300,7548
20140725,Gangwon,48782,5944,596,1290,84762
20140725,Gyeonggi,592432,97607,,8507,59057
20140725,Gyeongsang,8676,5755,13884,410318,1378
20140725,Jeolla,3439,4744,125680,12980,713
20140726,Chungcheong,93044,142379,5984,5995,7909
20140726,Gangwon,51395,5624,651,1185,93078
20140726,Gyeonggi,501704,99570,,9818,71414
20140726,Gyeongsang,7147,5026,15611,406476,1417
20140726,Jeolla,3367,4569,146164,13642,710
20140727,Chungcheong,90796,126407,4656,4369,6296
20140727,Gangwon,65493,6325,684,1188,94924
20140727,Gyeonggi,414483,86364,,6792,56532
20140727,Gyeongsang,7619,5347,13541,365838,1037
20140727,Jeolla,4740,5577,147908,14482,627
20140728,Chungcheong,95971,156302,4956,5423,7526
20140728,Gangwon,57440,6607,657,1182,96355
20140728,Gyeonggi,593962,107056,,7801,60596
20140728,Gyeongsang,7494,5314,13697,407563,1294
20140728,Jeolla,4024,5065,132981,13459,733
20140729,Chungcheong,95924,151200,4966,5790,6975
20140729,Gangwon,55021,6403,621,1320,95777
20140729,Gyeonggi,599714,97252,,8240,55413
20140729,Gyeongsang,8941,5527,13706,406341,1368
20140729,Jeolla,3846,4513,131044,12908,628
20140730,Chungcheong,97296,156361,5489,6336,8131
20140730,Gangwon,56869,6554,692,1424,99089
20140730,Gyeonggi,591654,98810,,9884,64799
20140730,Gyeongsang,9404,5640,15151,412394,1479
20140730,Jeolla,4157,4814,139350,14244,879
20140731,Chungcheong,93630,153498,6162,6506,8527
20140731,Gangwon,54693,6066,808,1421,108431
20140731,Gyeonggi,569083,100277,,11132,75430
20140731,Gyeongsang,9499,5847,17449,416161,1904
20140731,Jeolla,4403,5091,152570,15782,938
